HUB Food Art & Lounge,1,5
HUB Food Art & Lounge,2,5
HUB Food Art & Lounge,3,5
HUB Food Art & Lounge,4,5
HUB Food Art & Lounge,5,5
HUB Food Art & Lounge,6,5
HUB Food Art & Lounge,7,5
HUB Food Art & Lounge,8,5
HUB Food Art & Lounge,9,5
HUB Food Art & Lounge,10,5
HUB Food Art & Lounge,11,1
HUB Food Art & Lounge,12,5
HUB Food Art & Lounge,13,5
HUB Food Art & Lounge,14,5
HUB Food Art & Lounge,15,4
HUB Food Art & Lounge,16,4
HUB Food Art & Lounge,17,5
HUB Food Art & Lounge,18,4
HUB Food Art & Lounge,19,5
HUB Food Art & Lounge,20,5
HUB Food Art & Lounge,21,2
HUB Food Art & Lounge,22,5
HUB Food Art & Lounge,23,5
HUB Food Art & Lounge,24,5
HUB Food Art & Lounge,25,5
HUB Food Art & Lounge,26,5
HUB Food Art & Lounge,27,3
HUB Food Art & Lounge,28,5
HUB Food Art & Lounge,29,5
HUB Food Art & Lounge,30,5
HUB Food Art & Lounge,31,5
HUB Food Art & Lounge,32,5
HUB Food Art & Lounge,33,5
HUB Food Art & Lounge,34,5
HUB Food Art & Lounge,35,5
HUB Food Art & Lounge,36,5
HUB Food Art & Lounge,37,5
HUB Food Art & Lounge,38,5
HUB Food Art & Lounge,39,4
HUB Food Art & Lounge,40,5
HUB Food Art & Lounge,41,1
HUB Food Art & Lounge,42,5
HUB Food Art & Lounge,43,5
HUB Food Art & Lounge,44,5
HUB Food Art & Lounge,45,1
HUB Food Art & Lounge,46,5
HUB Food Art & Lounge,47,5
HUB Food Art & Lounge,48,5
HUB Food Art & Lounge,49,5
HUB Food Art & Lounge,50,5
HUB Food Art & Lounge,51,5
HUB Food Art & Lounge,52,5
HUB Food Art & Lounge,53,5
HUB Food Art & Lounge,54,5
HUB Food Art & Lounge,55,5
HUB Food Art & Lounge,56,5
HUB Food Art & Lounge,57,5
HUB Food Art & Lounge,58,5
HUB Food Art & Lounge,59,5
HUB Food Art & Lounge,60,4
HUB Food Art & Lounge,61,5
HUB Food Art & Lounge,62,5
HUB Food Art & Lounge,63,5
HUB Food Art & Lounge,64,5
HUB Food Art & Lounge,65,5
HUB Food Art & Lounge,66,4
HUB Food Art & Lounge,67,5
HUB Food Art & Lounge,68,5
HUB Food Art & Lounge,69,5
HUB Food Art & Lounge,70,5
HUB Food Art & Lounge,71,5
HUB Food Art & Lounge,72,5
HUB Food Art & Lounge,73,5
HUB Food Art & Lounge,74,5
HUB Food Art & Lounge,75,5
HUB Food Art & Lounge,76,5
HUB Food Art & Lounge,77,5
HUB Food Art & Lounge,78,5
HUB Food Art & Lounge,79,5
HUB Food Art & Lounge,80,5
HUB Food Art & Lounge,81,5
HUB Food Art & Lounge,82,5
HUB Food Art & Lounge,83,5
HUB Food Art & Lounge,84,5
HUB Food Art & Lounge,85,5
HUB Food Art & Lounge,86,5
HUB Food Art & Lounge,87,5
HUB Food Art & Lounge,88,5
HUB Food Art & Lounge,89,5
HUB Food Art & Lounge,90,4
HUB Food Art & Lounge,91,5
HUB Food Art & Lounge,92,5
HUB Food Art & Lounge,93,5
HUB Food Art & Lounge,94,5
HUB Food Art & Lounge,95,5
HUB Food Art & Lounge,96,5
HUB Food Art & Lounge,97,5
HUB Food Art & Lounge,98,5
HUB Food Art & Lounge,99,5
HUB Food Art & Lounge,100,5
HUB Food Art & Lounge,101,5
HUB Food Art & Lounge,102,5
HUB Food Art & Lounge,103,5
HUB Food Art & Lounge,104,5
HUB Food Art & Lounge,105,5
HUB Food Art & Lounge,106,5
HUB Food Art & Lounge,107,5
HUB Food Art & Lounge,108,5
HUB Food Art & Lounge,109,5
HUB Food Art & Lounge,110,5
HUB Food Art & Lounge,111,5
HUB Food Art & Lounge,112,5
HUB Food Art & Lounge,113,5
HUB Food Art & Lounge,114,5
HUB Food Art & Lounge,115,5
HUB Food Art & Lounge,116,5
HUB Food Art & Lounge,117,5
HUB Food Art & Lounge,118,5
HUB Food Art & Lounge,119,5
HUB Food Art & Lounge,120,5
HUB Food Art & Lounge,121,5
HUB Food Art & Lounge,122,5
HUB Food Art & Lounge,123,5
HUB Food Art & Lounge,124,5
HUB Food Art & Lounge,125,5
HUB Food Art & Lounge,126,5
HUB Food Art & Lounge,127,5
HUB Food Art & Lounge,128,5
HUB Food Art & Lounge,129,5
HUB Food Art & Lounge,130,4
HUB Food Art & Lounge,131,5
HUB Food Art & Lounge,132,5
HUB Food Art & Lounge,133,4
HUB Food Art & Lounge,134,5
HUB Food Art & Lounge,135,5
HUB Food Art & Lounge,136,5
HUB Food Art & Lounge,137,4
HUB Food Art & Lounge,138,5
HUB Food Art & Lounge,139,5
HUB Food Art & Lounge,140,5
HUB Food Art & Lounge,141,5
HUB Food Art & Lounge,142,5
HUB Food Art & Lounge,143,5
HUB Food Art & Lounge,144,5
HUB Food Art & Lounge,145,5
HUB Food Art & Lounge,146,5
HUB Food Art & Lounge,147,5
HUB Food Art & Lounge,148,5
HUB Food Art & Lounge,149,5
HUB Food Art & Lounge,150,5
HUB Food Art & Lounge,151,5
HUB Food Art & Lounge,152,5
HUB Food Art & Lounge,153,5
HUB Food Art & Lounge,154,5
HUB Food Art & Lounge,155,5
HUB Food Art & Lounge,156,5
HUB Food Art & Lounge,157,5
HUB Food Art & Lounge,158,5
HUB Food Art & Lounge,159,5
HUB Food Art & Lounge,160,5
HUB Food Art & Lounge,161,5
HUB Food Art & Lounge,162,5
HUB Food Art & Lounge,163,4
HUB Food Art & Lounge,164,5
HUB Food Art & Lounge,165,3
HUB Food Art & Lounge,166,5
HUB Food Art & Lounge,167,5
HUB Food Art & Lounge,168,5
HUB Food Art & Lounge,169,5
HUB Food Art & Lounge,170,4
HUB Food Art & Lounge,171,5
HUB Food Art & Lounge,172,5
HUB Food Art & Lounge,173,5
HUB Food Art & Lounge,174,5
HUB Food Art & Lounge,175,5
HUB Food Art & Lounge,176,5
HUB Food Art & Lounge,177,5
HUB Food Art & Lounge,178,5
HUB Food Art & Lounge,179,5
HUB Food Art & Lounge,180,5
HUB Food Art & Lounge,181,5
HUB Food Art & Lounge,182,5
HUB Food Art & Lounge,183,5
HUB Food Art & Lounge,184,4
HUB Food Art & Lounge,185,5
HUB Food Art & Lounge,186,5
HUB Food Art & Lounge,187,5
HUB Food Art & Lounge,188,5
HUB Food Art & Lounge,189,5
HUB Food Art & Lounge,190,5
HUB Food Art & Lounge,191,4
HUB Food Art & Lounge,192,4
HUB Food Art & Lounge,193,5
HUB Food Art & Lounge,194,5
HUB Food Art & Lounge,195,5
HUB Food Art & Lounge,196,1
HUB Food Art & Lounge,197,4
HUB Food Art & Lounge,198,5
HUB Food Art & Lounge,199,5
HUB Food Art & Lounge,200,4
HUB Food Art & Lounge,201,5
HUB Food Art & Lounge,202,5
HUB Food Art & Lounge,203,5
HUB Food Art & Lounge,204,5
HUB Food Art & Lounge,205,4
HUB Food Art & Lounge,206,5
HUB Food Art & Lounge,207,5
HUB Food Art & Lounge,208,5
HUB Food Art & Lounge,209,5
HUB Food Art & Lounge,210,5
HUB Food Art & Lounge,211,5
HUB Food Art & Lounge,212,5
HUB Food Art & Lounge,213,5
HUB Food Art & Lounge,214,4
HUB Food Art & Lounge,215,5
HUB Food Art & Lounge,216,5
HUB Food Art & Lounge,217,5
HUB Food Art & Lounge,218,5
HUB Food Art & Lounge,219,4
HUB Food Art & Lounge,220,5
HUB Food Art & Lounge,221,5
HUB Food Art & Lounge,222,5
HUB Food Art & Lounge,223,5
HUB Food Art & Lounge,224,5
HUB Food Art & Lounge,225,5
HUB Food Art & Lounge,226,5
HUB Food Art & Lounge,227,5
HUB Food Art & Lounge,228,5
HUB Food Art & Lounge,229,5
HUB Food Art & Lounge,230,3
HUB Food Art & Lounge,231,5
HUB Food Art & Lounge,232,5
HUB Food Art & Lounge,233,5
HUB Food Art & Lounge,234,4
HUB Food Art & Lounge,235,1
HUB Food Art & Lounge,236,5
HUB Food Art & Lounge,237,5
HUB Food Art & Lounge,238,5
HUB Food Art & Lounge,239,5
HUB Food Art & Lounge,240,5
HUB Food Art & Lounge,241,5
HUB Food Art & Lounge,242,5
HUB Food Art & Lounge,243,5
HUB Food Art & Lounge,244,5
HUB Food Art & Lounge,245,5
HUB Food Art & Lounge,246,5
HUB Food Art & Lounge,247,5
HUB Food Art & Lounge,248,5
HUB Food Art & Lounge,249,5
HUB Food Art & Lounge,250,5
HUB Food Art & Lounge,251,4
HUB Food Art & Lounge,252,5
HUB Food Art & Lounge,253,5
HUB Food Art & Lounge,254,5
HUB Food Art & Lounge,255,5
HUB Food Art & Lounge,256,5
HUB Food Art & Lounge,257,5
HUB Food Art & Lounge,258,5
HUB Food Art & Lounge,259,5
HUB Food Art & Lounge,260,5
HUB Food Art & Lounge,261,5
HUB Food Art & Lounge,262,4
HUB Food Art & Lounge,263,5
HUB Food Art & Lounge,264,5
HUB Food Art & Lounge,265,5
HUB Food Art & Lounge,266,5
HUB Food Art & Lounge,267,5
HUB Food Art & Lounge,268,5
HUB Food Art & Lounge,269,5
HUB Food Art & Lounge,270,5
HUB Food Art & Lounge,271,5
HUB Food Art & Lounge,272,5
HUB Food Art & Lounge,273,5
HUB Food Art & Lounge,274,5
HUB Food Art & Lounge,275,5
HUB Food Art & Lounge,276,5
HUB Food Art & Lounge,277,5
HUB Food Art & Lounge,278,5
HUB Food Art & Lounge,279,5
HUB Food Art & Lounge,280,5
HUB Food Art & Lounge,281,5
HUB Food Art & Lounge,282,5
HUB Food Art & Lounge,283,5
HUB Food Art & Lounge,284,3
HUB Food Art & Lounge,285,5
HUB Food Art & Lounge,286,5
HUB Food Art & Lounge,287,5
HUB Food Art & Lounge,288,5
HUB Food Art & Lounge,289,5
HUB Food Art & Lounge,290,5
HUB Food Art & Lounge,291,5
HUB Food Art & Lounge,292,5
HUB Food Art & Lounge,293,5
HUB Food Art & Lounge,294,5
HUB Food Art & Lounge,295,5
HUB Food Art & Lounge,296,5
HUB Food Art & Lounge,297,5
HUB Food Art & Lounge,298,5
HUB Food Art & Lounge,299,5
HUB Food Art & Lounge,300,5
HUB Food Art & Lounge,301,5
HUB Food Art & Lounge,302,5
HUB Food Art & Lounge,303,5
HUB Food Art & Lounge,304,5
HUB Food Art & Lounge,305,5
HUB Food Art & Lounge,306,5
HUB Food Art & Lounge,307,5
HUB Food Art & Lounge,308,5
HUB Food Art & Lounge,309,5
HUB Food Art & Lounge,310,3
HUB Food Art & Lounge,311,5
HUB Food Art & Lounge,312,5
HUB Food Art & Lounge,313,5
HUB Food Art & Lounge,314,5
HUB Food Art & Lounge,315,5
HUB Food Art & Lounge,316,5
HUB Food Art & Lounge,317,5
HUB Food Art & Lounge,318,5
HUB Food Art & Lounge,319,5
HUB Food Art & Lounge,320,5
HUB Food Art & Lounge,321,5
HUB Food Art & Lounge,322,5
HUB Food Art & Lounge,323,5
HUB Food Art & Lounge,324,4
HUB Food Art & Lounge,325,5
HUB Food Art & Lounge,326,5
HUB Food Art & Lounge,327,5
HUB Food Art & Lounge,328,5
HUB Food Art & Lounge,329,5
HUB Food Art & Lounge,330,5
HUB Food Art & Lounge,331,5
HUB Food Art & Lounge,332,5
HUB Food Art & Lounge,333,5
HUB Food Art & Lounge,334,5
HUB Food Art & Lounge,335,5
HUB Food Art & Lounge,336,5
HUB Food Art & Lounge,337,5
HUB Food Art & Lounge,338,5
HUB Food Art & Lounge,339,4
HUB Food Art & Lounge,340,5
HUB Food Art & Lounge,341,5
HUB Food Art & Lounge,342,5
HUB Food Art & Lounge,343,5
HUB Food Art & Lounge,344,5
HUB Food Art & Lounge,345,5
HUB Food Art & Lounge,346,5
HUB Food Art & Lounge,347,5
HUB Food Art & Lounge,348,5
HUB Food Art & Lounge,349,5
HUB Food Art & Lounge,350,5
HUB Food Art & Lounge,351,5
HUB Food Art & Lounge,352,5
HUB Food Art & Lounge,353,5
HUB Food Art & Lounge,354,5
HUB Food Art & Lounge,355,5
HUB Food Art & Lounge,356,5
HUB Food Art & Lounge,357,5
HUB Food Art & Lounge,358,5
HUB Food Art & Lounge,359,5
HUB Food Art & Lounge,360,5
HUB Food Art & Lounge,361,5
HUB Food Art & Lounge,362,5
HUB Food Art & Lounge,363,5
HUB Food Art & Lounge,364,5
HUB Food Art & Lounge,365,5
HUB Food Art & Lounge,366,5
HUB Food Art & Lounge,367,5
HUB Food Art & Lounge,368,5
HUB Food Art & Lounge,369,5
HUB Food Art & Lounge,370,5
HUB Food Art & Lounge,371,5
HUB Food Art & Lounge,372,5
HUB Food Art & Lounge,373,5
HUB Food Art & Lounge,374,5
HUB Food Art & Lounge,375,5
HUB Food Art & Lounge,376,5
HUB Food Art & Lounge,377,4
HUB Food Art & Lounge,378,5
HUB Food Art & Lounge,379,5
HUB Food Art & Lounge,380,5
HUB Food Art & Lounge,381,5
HUB Food Art & Lounge,382,5
HUB Food Art & Lounge,383,5
HUB Food Art & Lounge,384,5
HUB Food Art & Lounge,385,5
HUB Food Art & Lounge,386,5
HUB Food Art & Lounge,387,5
HUB Food Art & Lounge,388,5
HUB Food Art & Lounge,389,5
HUB Food Art & Lounge,390,5
HUB Food Art & Lounge,391,5
HUB Food Art & Lounge,392,5
HUB Food Art & Lounge,393,5
HUB Food Art & Lounge,394,5
HUB Food Art & Lounge,395,5
HUB Food Art & Lounge,396,5
HUB Food Art & Lounge,397,4
HUB Food Art & Lounge,398,5
HUB Food Art & Lounge,399,5
HUB Food Art & Lounge,400,5
HUB Food Art & Lounge,401,5
HUB Food Art & Lounge,402,5
HUB Food Art & Lounge,403,5
HUB Food Art & Lounge,404,5
HUB Food Art & Lounge,405,5
HUB Food Art & Lounge,406,5
HUB Food Art & Lounge,407,5
HUB Food Art & Lounge,408,5
HUB Food Art & Lounge,409,5
HUB Food Art & Lounge,410,5
HUB Food Art & Lounge,411,5
HUB Food Art & Lounge,412,5
HUB Food Art & Lounge,413,5
HUB Food Art & Lounge,414,5
HUB Food Art & Lounge,415,5
HUB Food Art & Lounge,416,5
HUB Food Art & Lounge,417,5
HUB Food Art & Lounge,418,5
HUB Food Art & Lounge,419,5
HUB Food Art & Lounge,420,5
HUB Food Art & Lounge,421,3
HUB Food Art & Lounge,422,5
HUB Food Art & Lounge,423,5
HUB Food Art & Lounge,424,5
HUB Food Art & Lounge,425,5
HUB Food Art & Lounge,426,5
HUB Food Art & Lounge,427,5
HUB Food Art & Lounge,428,5
HUB Food Art & Lounge,429,4
HUB Food Art & Lounge,430,5
HUB Food Art & Lounge,431,5
HUB Food Art & Lounge,432,5
HUB Food Art & Lounge,433,5
HUB Food Art & Lounge,434,5
HUB Food Art & Lounge,435,5
HUB Food Art & Lounge,436,5
HUB Food Art & Lounge,437,5
HUB Food Art & Lounge,438,5
HUB Food Art & Lounge,439,5
HUB Food Art & Lounge,440,4
HUB Food Art & Lounge,441,5
HUB Food Art & Lounge,442,5
HUB Food Art & Lounge,443,5
HUB Food Art & Lounge,444,5
HUB Food Art & Lounge,445,5
HUB Food Art & Lounge,446,5
HUB Food Art & Lounge,447,5
HUB Food Art & Lounge,448,5
HUB Food Art & Lounge,449,5
HUB Food Art & Lounge,450,3
HUB Food Art & Lounge,451,5
HUB Food Art & Lounge,452,5
HUB Food Art & Lounge,453,5
HUB Food Art & Lounge,454,5
HUB Food Art & Lounge,455,5
HUB Food Art & Lounge,456,5
HUB Food Art & Lounge,457,5
HUB Food Art & Lounge,458,5
HUB Food Art & Lounge,459,5
HUB Food Art & Lounge,460,5
HUB Food Art & Lounge,461,5
HUB Food Art & Lounge,462,5
HUB Food Art & Lounge,463,5
HUB Food Art & Lounge,464,4
HUB Food Art & Lounge,465,5
HUB Food Art & Lounge,466,5
HUB Food Art & Lounge,467,5
HUB Food Art & Lounge,468,5
HUB Food Art & Lounge,469,5
HUB Food Art & Lounge,470,5
HUB Food Art & Lounge,471,5
HUB Food Art & Lounge,472,5
HUB Food Art & Lounge,473,5
HUB Food Art & Lounge,474,5
HUB Food Art & Lounge,475,5
HUB Food Art & Lounge,476,4
HUB Food Art & Lounge,477,5
HUB Food Art & Lounge,478,5
HUB Food Art & Lounge,479,5
HUB Food Art & Lounge,480,5
HUB Food Art & Lounge,481,5
HUB Food Art & Lounge,482,4
HUB Food Art & Lounge,483,5
HUB Food Art & Lounge,484,5
HUB Food Art & Lounge,485,5
HUB Food Art & Lounge,486,5
HUB Food Art & Lounge,487,5
HUB Food Art & Lounge,488,5
HUB Food Art & Lounge,489,5
HUB Food Art & Lounge,490,5
HUB Food Art & Lounge,491,5
HUB Food Art & Lounge,492,5
HUB Food Art & Lounge,493,5
HUB Food Art & Lounge,494,5
HUB Food Art & Lounge,495,5
HUB Food Art & Lounge,496,5
HUB Food Art & Lounge,497,5
HUB Food Art & Lounge,498,5
HUB Food Art & Lounge,499,5
HUB Food Art & Lounge,500,5
HUB Food Art & Lounge,501,5
HUB Food Art & Lounge,502,5
HUB Food Art & Lounge,503,5
HUB Food Art & Lounge,504,5
HUB Food Art & Lounge,505,5
HUB Food Art & Lounge,506,5
HUB Food Art & Lounge,507,5
HUB Food Art & Lounge,508,5
HUB Food Art & Lounge,509,5
HUB Food Art & Lounge,510,5
HUB Food Art & Lounge,511,5
HUB Food Art & Lounge,512,5
HUB Food Art & Lounge,513,5
HUB Food Art & Lounge,514,5
HUB Food Art & Lounge,515,5
HUB Food Art & Lounge,516,5
HUB Food Art & Lounge,517,4
HUB Food Art & Lounge,518,5
HUB Food Art & Lounge,519,5
HUB Food Art & Lounge,520,5
HUB Food Art & Lounge,521,5
HUB Food Art & Lounge,522,5
HUB Food Art & Lounge,523,5
HUB Food Art & Lounge,524,4
HUB Food Art & Lounge,525,5
HUB Food Art & Lounge,526,4
HUB Food Art & Lounge,527,5
HUB Food Art & Lounge,528,5
HUB Food Art & Lounge,529,5
HUB Food Art & Lounge,530,5
HUB Food Art & Lounge,531,5
HUB Food Art & Lounge,532,5
HUB Food Art & Lounge,533,5
HUB Food Art & Lounge,534,5
HUB Food Art & Lounge,535,5
HUB Food Art & Lounge,536,5
HUB Food Art & Lounge,537,5
HUB Food Art & Lounge,538,5
HUB Food Art & Lounge,539,4
HUB Food Art & Lounge,540,5
HUB Food Art & Lounge,541,5
HUB Food Art & Lounge,542,3
HUB Food Art & Lounge,543,5
HUB Food Art & Lounge,544,5
HUB Food Art & Lounge,545,5
HUB Food Art & Lounge,546,5
HUB Food Art & Lounge,547,4
HUB Food Art & Lounge,548,5
HUB Food Art & Lounge,549,5
HUB Food Art & Lounge,550,5
HUB Food Art & Lounge,551,5
HUB Food Art & Lounge,552,5
HUB Food Art & Lounge,553,5
HUB Food Art & Lounge,554,4
HUB Food Art & Lounge,555,5
HUB Food Art & Lounge,556,2
HUB Food Art & Lounge,557,5
HUB Food Art & Lounge,558,5
HUB Food Art & Lounge,559,5
HUB Food Art & Lounge,560,4
HUB Food Art & Lounge,561,5
HUB Food Art & Lounge,562,4
HUB Food Art & Lounge,563,5
HUB Food Art & Lounge,564,4
HUB Food Art & Lounge,565,5
HUB Food Art & Lounge,566,4
HUB Food Art & Lounge,567,5
HUB Food Art & Lounge,568,4
HUB Food Art & Lounge,569,5
HUB Food Art & Lounge,570,5
HUB Food Art & Lounge,571,5
HUB Food Art & Lounge,572,3
HUB Food Art & Lounge,573,1
HUB Food Art & Lounge,574,5
HUB Food Art & Lounge,575,5
HUB Food Art & Lounge,576,4
HUB Food Art & Lounge,577,5
HUB Food Art & Lounge,578,5
HUB Food Art & Lounge,579,4
HUB Food Art & Lounge,580,5
HUB Food Art & Lounge,581,5
HUB Food Art & Lounge,582,4
HUB Food Art & Lounge,583,4
HUB Food Art & Lounge,584,5
HUB Food Art & Lounge,585,4
HUB Food Art & Lounge,586,4
HUB Food Art & Lounge,587,4
HUB Food Art & Lounge,588,5
HUB Food Art & Lounge,589,4
HUB Food Art & Lounge,590,5
HUB Food Art & Lounge,591,5
HUB Food Art & Lounge,592,5
HUB Food Art & Lounge,593,4
HUB Food Art & Lounge,594,5
HUB Food Art & Lounge,595,4
HUB Food Art & Lounge,596,5
HUB Food Art & Lounge,597,4
HUB Food Art & Lounge,598,5
HUB Food Art & Lounge,599,5
HUB Food Art & Lounge,600,5
HUB Food Art & Lounge,601,5
