1,guilhermesantoro
2,andersonmsantos
3,delimaleo
4,NickaChristina
5,biancaschmiedell
6,Raíssa R
7,Larissa C
8,juniormarino
9,andrearamalhoalves
10,577la_sb
11,Maria de Fátima D
12,MarcosD1528
13,alban0fs
14,Felipe S
15,U4580UOmichelep
16,EliRibeiroT
17,mayaracoliveira
18,cinthiaracosta1987
19,EmanuellyEvlin
20,sbeghenfa
21,LuisSalgueiro
22,Gurachid
23,Angelita G
24,rominajulietasanchep
25,Patygrau
26,CARLINHOSVIRROSAS
27,H7034XFalanm
28,Daniellerustice
29,betoaoki
30,Paulo A
31,Marina S
32,JMYN
33,Lucas S
34,467guilhermef
35,Penachio
36,Mayara P
37,Thiago A
38,Grah L
39,Carumarin
40,Helio_Alm
41,Ceica S
42,Juliaribeirodovalle
43,201luanan
44,fabioa89
45,maisasc
46,paulavecc
47,danillozacheu
48,lperes10
49,marcusazimmermann
50,BellaCol
51,thamiressousach
52,KarinaPaz2010
53,brunormarinho
54,Ricardofrota
55,angelazen
56,lizi989
57,Rcfrota
58,AndreiaBF
59,Portuga01
60,jtourinho
61,179aldoc
62,reginar351
63,Keu_Cipriano
64,lucianebotelho
65,patriciawN5058XZ
66,Larilda
67,VPHL
68,Ana Paula R
69,460adrianer
70,MateusBorge
71,Rodrigo A
72,liviahoffman
73,alexandrem90
74,Sunshine115461
75,caioc228
76,marianac670
77,Mayara V
78,robsonricardo2004
79,leonardoa478
80,saraassumpcao
81,jutoniolo
82,Esmeraldosa
83,r_rical
84,murilochermontazeved
85,Sightsee692086
86,Isabela L
87,renatocosvier
88,Alexandre V
89,Milena P
90,sandra w
91,ceciliafrate
92,Iaramaria2008
93,lucin_iab2016
94,anaelisavv
95,RenataTei
96,difunari
97,Y5336NYmarinam
98,nandavlinda
99,GutoSpinola
100,Leticia B
101,Felipe C
102,Noberto J
103,Suellen C
104,Victo A
105,jos_mP5383EV
106,H3054SDsandram
107,tavaresguif
108,Robson B
109,sundeepj2014
110,Angela N
111,Karen M
112,danikondo
113,364marlyf
114,anabR2586RW
115,Mirela G
116,julialeba
117,janyqui
118,marcelonav
119,BrunoCouty
120,Livia K
121,eduardos393
122,mpmassolo
123,Fernando T
124,GabrielaM3614
125,marcio125
126,MarciaMayumi
127,gabsdias
128,LuyBR
129,Marcela E
130,kelinz2012
131,Inspire17539484445
132,HFLenz
133,valmirlins
134,CarlaF15
135,juliana o
136,leonardozanette
137,Almeidagabriel
138,158rodrigod
139,Fernando M
140,EMM-SPBR
141,868biaf
142,Priscila_Anjos
143,joaovictorg2018
144,Maurício G
145,hugorborges
146,Camila M
147,alineafandrowick
148,ElaineS2552
149,CamilaL_Dublin
150,600eudesb
151,paolacA8537Gx
152,lucasjoao1
153,stefanelagatto
154,henriquecelentano
155,matmartins10
156,Larissa R
157,Alexandre A
158,640gersonp
159,Lourdes A
160,378renatot
161,jubaleo
162,Roberta M
163,aurodeandradefilho
164,nandareali
165,rhasson
166,CKMS2013
167,Halysonr
168,DanielaPiccinato
169,Alex_M_Cuba
170,rpggalvao
171,582claudiamarias
172,Renatoponce
173,Thaynaragf
174,amandafujiigeld
175,Izakito
176,Karoline V
177,Cm G
178,carollsilva
179,Reiflino
180,Ana S
181,callehuertas
182,Ana C
183,Amorim2016
184,cintiaf552
185,lauraefofo
186,ReSantosRAS
187,luanandrade82
188,Ana Paula C
189,NOperti
190,Antonio Natal A
191,victorlo72sp
192,DanielleValente
193,christianovc
194,cassianol2014
195,amiranda_ufes
196,pabarretti
197,wjomyo
198,Evaldo N
199,Rosimeire11
200,Tati F
201,Carlosjuni
202,rodrigofudissaju
203,betinap2013
204,Danilo F
205,MatheusSJC
206,Joachim Z
207,Rerebizzi
208,Beaasouza
209,989filipeg
210,553silviaz
211,rafaelrU1601DF
212,Adalto G
213,Nelitosp
214,Fabricio8686
215,Thiago_RibeiroCastro
216,Beatrizanata
217,piamg
218,MaxNeumann
219,Bertof
220,Eucaquio
221,MahChiavegatti
222,Belroviagem
223,EmmanuelaOrto
224,Leriane T
225,Carmen M
226,CINTIA K
227,mendoncajr
228,Renata K
229,Cadinho1987
230,258erwinm
231,menicsps
232,Gisele B
233,DanilleCR
234,Kaueturquetti
235,Gabriel C
236,thomassantos89
237,Y8219EXroberta
238,Fabio K
239,caioholanda
240,Normabosco
241,Thidonio
242,Vivian C
243,msiqueira1985
244,LucaseLuanda
245,alineemeira
246,VanessaCalil
247,simonen63
248,825larissat
249,13sergioc
250,anagomesnutri
251,Claudia marie S
252,17marcial
253,023lucas
254,avgnog
255,joaogabferrari
256,Se_Pazini
257,Raphael R
258,Nayda F
259,Katsuo-MG
260,Caroline_Leite
261,MariJusto
262,acaribe51
263,Paulo R
264,LarissaM3180
265,carlosI3451IM
266,GlaucioMota
267,worldcurious123
268,brunoloducca
269,J1665SIrodrigom
270,phdleite
271,karlamussolino
272,Mariabetaniar
273,Osoulejr
274,minellimonica
275,fantini_jr
276,deborahsY2353NG
277,argenclau
278,Marco B
279,brunac248
280,Rod_Lavrador
281,RicardoFromBrazil
282,edglaybezerra
283,Heloím F
284,influencer2019
285,viajanteatento2015
286,SueMassih
287,JoaoAFN
288,AndreaH3635
289,rebecasrocha
290,W3941EVcarolg
291,Helen_CH_Guelfi
292,Adrianajc
293,AnselaineB
294,jubrandolis
295,LightPacker551211
296,Eujoao
297,karinaschraml
298,928miguele
299,beatriz1208
300,Otavio P
301,sergiok991
302,Aline A
303,931janec
304,alessandroa198
305,Claudia G
306,Juliana G
307,Leda B
308,BPP2019
309,terezal2019
310,dmaielo
311,victortrs
312,a_people
313,CarolineH3331
314,709marar
315,rtassinari
316,Mariana B
317,heloisec456
318,abraao_lopes_1
319,ddldaniele
320,freddrago
321,242mauriciom
322,Ianbarbour1
323,Juarez V
324,EduardoN35
325,MichelleBiondi
326,652gabrielp
327,franceslotus
328,nagibmarcos
329,681claudias
330,anapaulagandara
331,luhenz
332,Reiannini
333,Humberto Z
334,AClemes
335,402talitas
336,Wilkeraphael
337,priscillap689
338,lanussem
339,Jumora
340,dcoutinhos
341,Juliana L
342,N8019TCmarcoc
343,Gleise H
344,Valeria M
345,Giovana K
346,Melanie H
347,CarlaKD
348,byblener
349,Alinecr
350,Sunshine66207470061
351,LaRibas01
352,686henrique
353,LarissaLima1985
354,liviapoli
355,rcobra
356,elianet19
357,lutastetravel
358,katiabrandao
359,204alinek
360,Mayla G
361,P9876ECjudyc
362,Joana D
363,Eriberto S
364,Carlos Eduardo P
365,Danilo C
366,Irina O
367,76emillyg
368,tanara10
369,LarissaAry
370,261andreiap
371,Road401041
372,Games T
373,Tobias C
374,sofiapierozan
375,MilennaS1
376,Matheus P
377,Trek197888
378,25lucianal
379,Augusto C
380,marcoamf
381,Biancardi1967
382,106mariafernandac
383,Maps21227480142
384,Guilherme C. F
385,thiagocal82
386,carameloow
387,Roving07937634621
388,mshelly129
389,gessin2019
390,Patricia S
391,alexandrev817
392,Rafael O
393,flaviogalvaolopes
394,웅 허
395,MarciaK344
396,Carla G
397,Guicouto
398,Journey491124
399,W1070YEandream
400,TulioT_13
401,Paty G
402,Raphael D
403,nany789
404,nein2018
405,Assis B
406,alvaroballes4
407,Felipe F
408,367alexandrea
409,Alexmosca
410,jadsonb521
411,RenatoRossi9
412,Noemifurtado
413,lucasd871
414,brunapmp
415,ruivocf
416,Storyteller245708
417,AmCarrara
418,AllyssoneRafaella
419,fjunqueira12
420,gabrielaborgesde2018
421,Margarita W
422,_talof195
423,H8315RErobertad
424,Cecilia G
425,thiagof400
426,Osvaldo B
427,14ritat
428,DFB303572
429,Diogo A
430,Miguel Vitor M
431,sararpc
432,evarth3
433,adrianapfb
434,Everlyn S
435,fabianozanzin
436,viniciusr219
437,Ederbob
438,EderBizutti
439,WilsonPSS
440,brunoas2995
441,miguellgomes
442,Marcela R
443,Rafaella P
444,belattriz
445,Pedro_H_Peres
446,Gi A
447,Maladebordoporai
448,989yuriv
449,febergantini
450,fabiosandes
451,Mslick87
452,Alan H
453,Sandra R
454,melo1218
455,Daphyne C
456,souzaaml
457,Bruno B
458,CHolzmann
459,carlosgJ6970AL
460,Patricio S
461,Hugo-vitor
462,Nos_dois_navegando
463,Newton221
464,Luiza_Barreto86
465,Luis G
466,MariaAliceSFM
467,Renamiranda
468,jeaidar
469,Carolinedlf
470,elisabeatrizs
471,E1253PGbrunof
472,Eduardo B
473,MCeciliaP1
474,Filipe E
475,Laiane L
476,José Eduardo A
477,hyagorc
478,Caroline A
479,Lucas L
480,AllandS1
481,alice04sousa
482,Luane L
483,Nayara R
484,EDSONCARLOSS2
485,HellenV50
486,ThiagoDonicar
487,Gessica S
488,Caroline-cruz18
489,Mayana F
490,Geralda M
491,Carina027
492,rgscons
493,Zepafilho
494,Ivone C
495,355renatay
496,440fabbyc
497,Jaqueszdri P
498,493rafaell
499,Jucipou
500,Iglesias A
501,Marcos S
502,Shak F
503,Alberto B
504,Poline D
505,299pamela
506,Elizabete S
507,Carlosquick
508,Daniel R
509,jaquealves8
510,Renata M
511,otaviox_13
512,Fernanda S
513,494veridianas
514,Vinicius G
515,mfmiquilini
516,jusoutolima
517,juliomanuelgomes
518,clovisf214
519,pedrot153
520,Daniela G
521,FabianaGruber
522,marianamarques36
523,JennyferTsai
524,walkiria a
525,25isisa
526,Marcelo012
527,CelaZaidem
528,Analu001
529,Fernando C
530,Brenda V
531,fredperna
532,RobsonG_13
533,gustav0555
534,830iedac
535,Sightsee735787
536,Tomé F
537,jose augusto K
538,gapparise
539,JCSDIAS
540,paulojpccarvalho
541,lager-bh
542,richi802
543,Silvia B
544,Denisouza
545,Pipa1174
546,svazportugal
547,Marcelo N
548,SamanthaDuarte
549,Marco A
550,Cruiser305697
551,DorivalP2
552,AnaCarvalho
553,BlendaPereira
554,FlaviaPan
555,W4456QHpaulo
556,FardinCruz
557,adrianascherrer
558,Wilson M
559,Rose D
560,662marciam
561,CarolL2972
562,helcioa66
563,454irisd
564,GiseleBernardes
565,CARLA s S
566,analarapimentel
567,Ohana L
568,CarlosYohei
569,Joselena C
570,jcendretti
571,JDantasJr
572,nah004
573,rosah961
574,Ana J
575,Debora-Ribeiro
576,Luiz Felipe M
577,observadorBH
578,crisgonc
579,dilvanaa
580,Carlos P
581,MiltonKanno
582,Chen_KC24
583,Jacirabarros
584,528AlexC
585,CarolinaC65
586,Luiz C
587,TQSaoPaulo
588,PaulWGregson
589,febellinha
590,carolina_edfisica
591,HHGC82
592,Mariane F
593,ricardomV8992ID
594,3marisal
595,Rogério V
596,Andre K
597,Ricardovet
598,mackenzzz
599,Ludmila D
600,isagarciaa85
601,Muse1974
