1,Vegas Burguer Beer,Avenida Aguas de Sao Pedro 687,https://media-cdn.tripadvisor.com/media/photo-s/0d/65/7d/d9/sanduiches-deliciosos.jpg
2,Gatto Figa Pizza Bar,Rua Luï¿½s Gï¿½is 1625,https://media-cdn.tripadvisor.com/media/photo-p/18/fa/4b/c0/nosso-bar-serve-deliciosos.jpg
3,HUB Food Art & Lounge,Rua Olimpiadas, 205,https://media-cdn.tripadvisor.com/media/photo-s/18/2b/42/c7/polvo-grelhado-no-josper.jpg
4,Coco Bambu Anï¿½lia Franco,Rua Azevedo Soares, 2150,https://media-cdn.tripadvisor.com/media/photo-s/11/78/5c/5c/ambiente.jpg
5,Coco Bambu Anhembi,Avenida Bras Leme, No. 201,https://media-cdn.tripadvisor.com/media/photo-s/12/95/c4/30/rede-de-pescador.jpg
6,Coco Bambu SP Market,Av. das Naï¿½ï¿½es Unidas, 22540,https://media-cdn.tripadvisor.com/media/photo-s/18/14/40/00/lagosta-coco-bambu.jpg
7,Seen Sï¿½o Paulo,Alameda Santos, 1437, Cerqueira Cï¿½sar,https://media-cdn.tripadvisor.com/media/photo-s/0f/f4/e0/4d/seen-sao-paulo.jpg
8,Kauai Restaurante Havaiano Poke,Rua Serra de Jurï¿½a,144,https://media-cdn.tripadvisor.com/media/photo-s/14/40/d7/b0/signatures.jpg
9,Cipï¿½Restï¿½,Rua Olimpiadas 205,https://media-cdn.tripadvisor.com/media/photo-s/12/f9/f9/e6/buffet-de-cafe-da-manha.jpg
10,Galise Burger,Rua Carlos Steinen, 270,https://media-cdn.tripadvisor.com/media/photo-p/12/ba/e9/e9/novos-hamburgueres-do.jpg
11,Djapa,Rua Gaivota, 168,https://media-cdn.tripadvisor.com/media/photo-s/12/cd/b0/69/rodizio-tradicional.jpg
12,Adega Santiago Melo Alves,Rua Doutor Melo Alves 728,https://media-cdn.tripadvisor.com/media/photo-s/10/06/4f/38/bacalhau-a-romaneira.jpg
13,Johnny Rockets,Av. Josï¿½ Pinheiro Borges, s/n,https://media-cdn.tripadvisor.com/media/photo-p/12/39/e9/57/johnny-rockets.jpg
14,Varanda Faria Lima,Rua Prudente Correia 432,https://media-cdn.tripadvisor.com/media/photo-s/11/ce/63/f6/ambiente.jpg
15,Picanharia Dos Amigos,Rua Relï¿½quia 33,https://media-cdn.tripadvisor.com/media/photo-p/0c/11/f3/ad/fb-img-1468886717414.jpg
16,Taste It Food & Lounge,Rua Joinville, 515,https://media-cdn.tripadvisor.com/media/photo-s/18/a9/57/7b/le-cordeiro-paulistano.jpg
17,Fleming's Prime Steakhouse & Wine Bar Cidade Jardim,Avenida Cidade Jardim, 318,https://media-cdn.tripadvisor.com/media/photo-s/0e/cd/24/85/black-angus-filet-mignon.jpg
18,RUAA,Rua Mourato Coelho, 1168,https://media-cdn.tripadvisor.com/media/photo-s/0f/2b/92/22/20170503-120748-largejpg.jpg
19,Sevillano Bistro,Alameda Lorena 871,https://media-cdn.tripadvisor.com/media/photo-p/0d/d7/cf/84/photo0jpg.jpg
20,Coco Bambu Market Place,Avenida Doutor Chucri Zaidan, 902,https://media-cdn.tripadvisor.com/media/photo-s/10/23/c8/a9/camarao-da-taiba.jpg
21,Guacamole Cocina Mexicana,R. Girassol, 354,https://media-cdn.tripadvisor.com/media/photo-s/11/72/71/17/churros.jpg
22,Fogo De Chï¿½o,Av. Dos Bandeirantes, 538,https://media-cdn.tripadvisor.com/media/photo-s/02/1d/f6/28/salad-bar.jpg
23,Le Manjue Organique - Vila Nova Conceiï¿½ï¿½o,R. Domingos Fernandes 608,https://media-cdn.tripadvisor.com/media/photo-s/13/c0/76/bc/fachada-unidade-vila.jpg
24,Coco Bambu JK,Av. Antï¿½nio Joaquim de Moura Andrade, 737,https://media-cdn.tripadvisor.com/media/photo-s/10/80/2f/b6/lagosta-coco-bambu.jpg
25,Bar Quintal Da Mooca,Rua Lituania 454,https://media-cdn.tripadvisor.com/media/photo-s/0e/d9/bc/1b/quadradinho-de-tapioca.jpg
26,Elle 5,Alameda Fernï¿½o Cardim, 48,https://media-cdn.tripadvisor.com/media/photo-p/0a/6b/49/f7/img-20160224-205705-largejpg.jpg
27,Fogo De Chï¿½o Moema,Av Moreira Guimaraes 964,https://media-cdn.tripadvisor.com/media/photo-s/0e/ba/b5/75/photo4jpg.jpg
28,Bravo Bistrï¿½,Rua dos Campineiros 501,https://media-cdn.tripadvisor.com/media/photo-s/12/92/01/8b/surpresa-do-bravo-ovo.jpg
29,Miss Saigon Restaurante Vietnamita,Alameda dos Jurupis 1374,https://media-cdn.tripadvisor.com/media/photo-s/17/35/67/e2/mix-miss-saigon-entrada.jpg
30,Le Bife,Rua Pedroso Alvarenga, 1088,https://media-cdn.tripadvisor.com/media/photo-s/0b/b4/02/35/petit-gateau-assinado.jpg
31,I LOVE BURGER,Rua Amador Bueno, 767,https://media-cdn.tripadvisor.com/media/photo-s/17/75/84/2c/bond-sp-burger-fest-2019.jpg
32,I LOVE BURGER,Rua Capitao Otavio Machado, 1252,https://media-cdn.tripadvisor.com/media/photo-s/17/87/ab/d2/i-love-bacon.jpg
33,Terraï¿½o Jardins,Alameda Santos 2233,https://media-cdn.tripadvisor.com/media/photo-s/11/d0/55/d8/terraco-jardins.jpg
34,Canvas Bar & Restaurante,Av. Das Naï¿½ï¿½es Unidas, 12.901,https://media-cdn.tripadvisor.com/media/photo-s/14/3e/ac/35/canvas-restaurante.jpg
35,Manai Gastronomia,Rua Hayden 220,https://media-cdn.tripadvisor.com/media/photo-s/0a/63/41/e1/img-20160220-124223-largejpg.jpg
36,Vila das Rosas - Pinheiros,Rua Padre Carvalho 117,https://media-cdn.tripadvisor.com/media/photo-s/0f/2d/09/33/nossa-entradas.jpg
37,Adega Santiago,Rua Sampaio Vidal 1072,https://media-cdn.tripadvisor.com/media/photo-p/0f/63/7d/8f/bacalhau-com-broa.jpg
38,Pobre Juan Morumbi Shopping,Avenida Roque Petroni Junior 1089,https://media-cdn.tripadvisor.com/media/photo-s/16/62/70/95/estamos-localizados-no.jpg
39,Jam,Rua Bela Cintra 1929,https://media-cdn.tripadvisor.com/media/photo-s/14/ff/19/1c/ussuzukuri-trufado-de.jpg
40,Ristorantino,Rua Dr. Melo Alves 674,https://media-cdn.tripadvisor.com/media/photo-s/11/08/62/2b/lasagna-ristorantino.jpg
41,Mocotï¿½,Avenida Nossa Senhora do Loreto 1.100,https://media-cdn.tripadvisor.com/media/photo-s/02/ac/11/ba/filename-tapioca-jpg.jpg
42,Tanit,Rue Oscar Freire, 145,https://media-cdn.tripadvisor.com/media/photo-s/0d/bf/e9/27/polvo-gralhado-com-pancetta.jpg
43,Ohka,Rua Professor Carlos de Carvalho 105,https://media-cdn.tripadvisor.com/media/photo-s/0e/b5/7a/40/img-20170318-wa0015-largejpg.jpg
44,A Casa do Porco,Rua Araujo 124,https://media-cdn.tripadvisor.com/media/photo-s/0a/bb/4b/df/photo1jpg.jpg
45,Casa da Pizza,Av Atlï¿½ntica 3999, antiga Av Robert Kennedy,https://media-cdn.tripadvisor.com/media/photo-s/14/45/30/68/chocolate-nestle.jpg
46,Gulab Hari,Rua Antonio Carlos, 429,https://media-cdn.tripadvisor.com/media/photo-s/0f/f2/af/c1/combo-1.jpg
47,Esquina Mocotï¿½,Avenida Nossa Senhora do Loreto, 1108, Vila Medeiros,https://media-cdn.tripadvisor.com/media/photo-o/04/86/fa/a8/nhoque-com-legumes-esquina.jpg
48,Des Cucina,Rua Desembargados do Vale, 233,https://media-cdn.tripadvisor.com/media/photo-s/0c/44/7a/b1/img-20160720-wa0003-largejpg.jpg
49,Villa Roma,Alameda Jaï¿½, 1191,https://media-cdn.tripadvisor.com/media/photo-s/0f/1d/9a/cc/pizza-biquinho-da-villa.jpg
50,Temakeria Paulista,Rua Serra do Japi 1436,https://media-cdn.tripadvisor.com/media/photo-o/04/ae/7a/9c/temakeria-paulista.jpg
51,Recanto Vegetariano,Florida,1442,https://media-cdn.tripadvisor.com/media/photo-s/07/8d/77/c1/sonho-realizado-mesmo.jpg
52,Vinheria Percussi,Rua Cï¿½nego Eugï¿½nio Leite, 523,https://media-cdn.tripadvisor.com/media/photo-s/09/10/80/c4/vinheria-percussi.jpg
53,AGELLO CUCINA,Rua Sonia Ribeiro, 33,https://media-cdn.tripadvisor.com/media/photo-s/0d/6d/c0/a5/paleta-de-cordeiro.jpg
54,Supra di Mauro Maia,Rua Leopoldo Couto de Magalhï¿½es Junior, 681, Itaim Bibi, Sï¿½o Paulo,https://media-cdn.tripadvisor.com/media/photo-s/0f/b3/8f/8a/risotto-ai-frutti-di.jpg
55,Fogo de Chao,Travessa Casalbuono, 120,https://media-cdn.tripadvisor.com/media/photo-s/07/e3/54/7d/fogo-de-chao-maravilhosa.jpg
56,Sapporo,Praï¿½a Nossa Senhora Aparecida, 114,https://media-cdn.tripadvisor.com/media/photo-s/03/d9/bf/93/sapporo.jpg
57,Bar do Luiz Fernandes,Rua Augusto Tolle 610,https://media-cdn.tripadvisor.com/media/photo-s/0f/9b/8b/ce/acabou-de-chegar-empada.jpg
58,Daiki Sushi,Largo Senador Raul Cardoso 40,https://media-cdn.tripadvisor.com/media/photo-s/13/2b/c9/22/sushis-especiais.jpg
59,Bravo Frutaria,Rua Juventus 318,https://media-cdn.tripadvisor.com/media/photo-s/14/65/48/36/bravo-frutaria.jpg
60,Lï¿½tus Restaurante Vegetariano,Rua Brigadeiro Tobias 420,https://media-cdn.tripadvisor.com/media/photo-s/08/c3/11/83/lotus-restaurante-vegetariano.jpg
61,Vicolo Nostro,Rua Jataituba,https://media-cdn.tripadvisor.com/media/photo-s/14/8f/95/30/varanda.jpg
62,Tatini Restaurante,Rua Batataes 558,https://media-cdn.tripadvisor.com/media/photo-s/0e/ed/a3/c4/photo0jpg.jpg
63,Tempero das Gerais,Rua Princesa Isabel,https://media-cdn.tripadvisor.com/media/photo-s/0e/a5/b2/d7/restaurante-sensacional.jpg
64,Rueiro,Rua Isabel de Castela 314,https://media-cdn.tripadvisor.com/media/photo-s/13/f1/e2/54/cortes-especiais.jpg
65,Sargento Garcia,R Pe Luciano, 154,https://media-cdn.tripadvisor.com/media/photo-s/18/1a/b8/bb/spaguetti.jpg
66,Maracujï¿½ Restaurante,Al. Lorena, 884,https://media-cdn.tripadvisor.com/media/photo-s/15/23/88/c4/salmao-da-casa-grelhado.jpg
67,Loup Restaurante,Rua Dr. Mï¿½rio Ferraz, 528,https://media-cdn.tripadvisor.com/media/photo-s/0f/4a/77/d9/photo3jpg.jpg
68,Mugui,Rua da Gloria 111,https://media-cdn.tripadvisor.com/media/photo-s/0f/0f/20/33/photo0jpg.jpg
69,Jullia Pizzaria,Rua Francisca Jullia, 465,https://media-cdn.tripadvisor.com/media/photo-s/01/dc/86/f6/fachada.jpg
70,NOSU Culinï¿½ria Japonesa,Rua Maria Curupaiti, 414,https://media-cdn.tripadvisor.com/media/photo-s/0c/b5/d4/a6/fachada.jpg
71,Quintal do Brï¿½z,Rua Gandavo 447,https://media-cdn.tripadvisor.com/media/photo-s/0d/81/67/71/pizza-com-excesso-de.jpg
72,Santo Colomba,Alameda Lorena 1165,https://media-cdn.tripadvisor.com/media/photo-s/06/4b/61/fd/santo-colomba.jpg
73,Barbacoa - Itaim,Doutor Renato Paes de Barros, 65,https://media-cdn.tripadvisor.com/media/photo-s/0f/6e/10/c0/photo5jpg.jpg
74,Bistrot De Paris,Rua Augusta 2542,https://media-cdn.tripadvisor.com/media/photo-s/11/29/98/33/nosso-pequeno-oasis-na.jpg
75,Sushi Isao,Rua da Gloria, 111,https://media-cdn.tripadvisor.com/media/photo-s/0f/6c/31/d6/gunkan-makis.jpg
76,Cantaloup,Rua Manuel Guedes 474,https://media-cdn.tripadvisor.com/media/photo-s/0e/3a/42/b4/img-20170122-wa0004-largejpg.jpg
77,Restaurante Reet Namaste,Avenida Pavao 346,https://media-cdn.tripadvisor.com/media/photo-s/09/f6/44/48/reet-namaste.jpg
78,La Tambouille,Avenida Nove de Julho 5925,https://media-cdn.tripadvisor.com/media/photo-s/03/28/5b/10/couvert.jpg
79,D.O.M. Gastronomia Brasileira,Rua Barao de Capanema, 549,https://media-cdn.tripadvisor.com/media/photo-s/01/bb/06/a3/3.jpg
80,Jam - Itaim Bibi,Rua Lopes Neto, 308,https://media-cdn.tripadvisor.com/media/photo-s/0f/1a/a4/1c/shake-hara.jpg
81,La Penisola,Rua Santo Antonio 870,https://media-cdn.tripadvisor.com/media/photo-s/0e/9b/b2/79/espaco-agradavel-e-aconchegant.jpg
82,Restaurante Emiliano,Rua Oscar Freire, 384,https://media-cdn.tripadvisor.com/media/photo-s/12/9c/1d/c1/restaurante-emiliano.jpg
83,Casa TTua Bar e Grill,Shopping Lar Center,https://media-cdn.tripadvisor.com/media/photo-s/0b/a2/1c/b7/20160616-114002-largejpg.jpg
84,LIVING LOUNGE BAR & SUSHI,Alameda Santos 2233,https://media-cdn.tripadvisor.com/media/photo-o/10/ab/44/28/experimente-novos-drinks.jpg
85,Varanda Grill,Rua General Mena Barreto, 793,https://media-cdn.tripadvisor.com/media/photo-s/0b/9a/a7/03/steak-tartar-com-batatas.jpg
86,Avanhandava,Rua Avanhandava 32,https://media-cdn.tripadvisor.com/media/photo-s/06/fb/7e/c0/fonte-da-avanhandava.jpg
87,La Penisola,Rua Santo Antonio 870,https://media-cdn.tripadvisor.com/media/photo-s/0e/9b/b2/79/espaco-agradavel-e-aconchegant.jpg
88,Chef Rouge Bistrot Gourmand,Rua Bela Cintra, 2238,https://media-cdn.tripadvisor.com/media/photo-s/0e/70/8d/69/c-chef-rouge.jpg
89,Taormina,Alameda Itu 251,https://media-cdn.tripadvisor.com/media/photo-s/04/ac/74/51/entrada_rotated_90.jpg
90,Due Cuochi Cucina - Itaim,Rua Manuel Guedes 93,https://media-cdn.tripadvisor.com/media/photo-s/0e/99/92/1d/nosso-salao.jpg
91,Taverna Medieval,Rua Gandavo 456,https://media-cdn.tripadvisor.com/media/photo-s/0d/32/11/40/drakkar-nossa-mesa-barco.jpg
92,Adega Santiago Shopping Cidade Jardim,Avenida Magalhaes de Castro 12000,https://media-cdn.tripadvisor.com/media/photo-s/0f/7e/f5/aa/adega-santiago.jpg
93,Famiglia Mancini,Rua Avanhandava, 81,https://media-cdn.tripadvisor.com/media/photo-p/0c/16/aa/0c/restaurante-famiglia.jpg
94,Varanda JK Iguatemi,Avenida Presidente Juscelino Kubitschek, 2041,https://media-cdn.tripadvisor.com/media/photo-s/0b/a3/84/13/medalhao.jpg
95,Tangarï¿½ Jean-Georges,Rua Deputado Lï¿½ercio Corte 1501,https://media-cdn.tripadvisor.com/media/photo-s/0f/42/af/31/tangara-jean-georges.jpg
96,Nambu Cozinha de Raiz,Rua Alagoas, 651,https://media-cdn.tripadvisor.com/media/photo-s/0b/16/ca/e5/nambu-cozinha-de-raiz.jpg
97,Veridiana Pizza,Rua Dona Veridiana 661,https://media-cdn.tripadvisor.com/media/photo-s/12/67/53/7b/a-fachada-da-veridiana.jpg
98,Yoka,Rua dos Estudantes 37,https://media-cdn.tripadvisor.com/media/photo-p/10/04/f5/02/logo-yoka.jpg
99,Pizzaria Nacional,R. Canï¿½rio, 480,https://media-cdn.tripadvisor.com/media/photo-s/13/1e/34/9a/pizza-caprese.jpg
100,Fogï¿½o Gaï¿½cho,Av. Marquï¿½s de Sï¿½o Vicente, 1767,https://media-cdn.tripadvisor.com/media/photo-s/0f/93/63/aa/photo1jpg.jpg
101,Sushi Nami,Avenida Aratas, 791,https://media-cdn.tripadvisor.com/media/photo-s/0b/93/65/77/japa-contemporaneo.jpg
102,Zucco,Rua Haddock Lobo, 1416,https://media-cdn.tripadvisor.com/media/photo-s/0e/f0/03/01/classica-lasagna-alla.jpg
103,Sushi Hiroshi,Rua Capitao Manuel Novais, 189,https://media-cdn.tripadvisor.com/media/photo-s/10/2b/7d/cb/20170702-213953-largejpg.jpg
104,Casale di Pizza,Alameda dos Tupiniquins 567,https://media-cdn.tripadvisor.com/media/photo-s/06/be/bb/e2/casale-di-pizza.jpg
105,Tanka Restaurante,Praï¿½a da Liberdade, 149,https://media-cdn.tripadvisor.com/media/photo-s/17/f0/5e/04/foto-do-tanka-restaurante.jpg
106,Restaurante Tarsila,Alameda Santos 1123,https://media-cdn.tripadvisor.com/media/photo-s/02/66/9c/4f/restaurant-dinning-area.jpg
107,Graï¿½a Di Napolli,Rua Doutor Cesar 704,https://media-cdn.tripadvisor.com/media/photo-s/0e/f8/f6/2a/photo1jpg.jpg
108,Komah,Rua Conego Vicente Miguel Marino 382,https://media-cdn.tripadvisor.com/media/photo-s/0f/92/33/79/entradinhas.jpg
109,Graï¿½a Mineira,Rua Machado Bitencourt, 75,https://media-cdn.tripadvisor.com/media/photo-s/0e/ec/e8/b2/photo5jpg.jpg
110,Praï¿½a Sï¿½o Lourenï¿½o,Rua Casa do Ator, 608,https://media-cdn.tripadvisor.com/media/photo-s/17/47/00/9a/area-externa.jpg
111,Osaka Cocina Nikkei,Rua Amauri, 234,https://media-cdn.tripadvisor.com/media/photo-s/04/b6/24/62/osaka.jpg
112,EMA Restaurante,R. Bela Cintra, 1551,https://media-cdn.tripadvisor.com/media/photo-s/0d/0f/e0/b3/docinhos-que-acompanham.jpg
113,Raful,Rua Comendador Abdo Schahin 118,https://media-cdn.tripadvisor.com/media/photo-s/0e/9c/bb/79/photo7jpg.jpg
114,Gopala,Rua Antonio Carlos 413,https://media-cdn.tripadvisor.com/media/photo-s/15/33/82/c9/sala-de-almofadas.jpg
115,Nutrisom Restaurante Vegetariano,Viaduto Nove de Julho 160,https://media-cdn.tripadvisor.com/media/photo-s/0e/35/e2/89/nutrisom-restaurante.jpg
116,Casa Jaya,Rua Capote Valente, 305,https://media-cdn.tripadvisor.com/media/photo-s/05/ff/de/f6/casa-jaya.jpg
117,Trattoria Tavolino,Rua Alagoas, 124,https://media-cdn.tripadvisor.com/media/photo-s/0c/14/9f/78/trattoria-tavolino.jpg
118,Goose Island Brewhouse,Rua Baltazar Carrasco 187,https://media-cdn.tripadvisor.com/media/photo-s/0f/70/f3/8e/porcao-crunch-crunch.jpg
119,Bar da Dona Onï¿½a,Avenida Ipiranga 200,https://media-cdn.tripadvisor.com/media/photo-s/0e/95/b0/49/photo0jpg.jpg
120,Jardineira Grill,Avenida dos Bandeirantes 1001,https://media-cdn.tripadvisor.com/media/photo-s/02/86/4f/4b/jardineria-grill.jpg
121,Jojo Ramen,Rua Doutor Rafael de Barros, 262,https://media-cdn.tripadvisor.com/media/photo-s/0b/63/f4/d9/jojo-shio-ramen.jpg
122,Kaa Restaurante,Av. Juscelino Kubitschek, 279 - Vila OlÃ­mpia,https://media-cdn.tripadvisor.com/media/photo-s/0b/b9/2c/13/photo3jpg.jpg
123,Sainte Marie Gastronomia,Rua Dom JoÃ¤o Bastista Costa, 70,https://media-cdn.tripadvisor.com/media/photo-s/0f/1f/b3/c1/photo4jpg.jpg
124,Fogo de ChÃ£o Jardins,Rua Augusta, 2077,https://media-cdn.tripadvisor.com/media/photo-s/05/2d/5c/ce/fogo-de-chao-churrascaria.jpg
125,Tadashii Japanese Restaurant,Rua Jamanari 40,https://media-cdn.tripadvisor.com/media/photo-s/12/20/c1/73/prato-principal-festival.jpg
126,Nakka Jardins,Rua Padre Joao Manuel, 811,https://media-cdn.tripadvisor.com/media/photo-s/0d/92/c5/d4/fachada-do-nakka-jardins.jpg
127,Dona Vitamina,Rua Matheus Grou, 152,https://media-cdn.tripadvisor.com/media/photo-p/0f/16/71/41/brownie-de-chocolate.jpg
128,Gioconda & HelenikÃ¡ Pizzaria Grega,R. GuararapÃ©s, 1882,https://media-cdn.tripadvisor.com/media/photo-s/15/d1/89/f6/gioconda-helenika-pizzaria.jpg
129,Brasil a Gosto,Rua Professor Azevedo Amaral 70,https://media-cdn.tripadvisor.com/media/photo-s/01/72/37/77/tilapia-main-course.jpg
130,Amadeus,Rua Haddock Lobo 807,https://media-cdn.tripadvisor.com/media/photo-s/01/f8/d9/53/the-best-moqueca-i-have.jpg
131,Che BÃ¡rbaro,Rua Harmonia 277,https://media-cdn.tripadvisor.com/media/photo-s/0f/ef/3f/a5/uma-maneira-diferente.jpg
132,Dr. TchÃª La Parrilla de La Villa,Rua FranÃ§a Pinto, 489,https://media-cdn.tripadvisor.com/media/photo-o/02/58/d4/81/steak-and-wine.jpg
133,Le Manjue Organique - Jardins,Rua Vitorio Fasano 49, Jardim Paulista,https://media-cdn.tripadvisor.com/media/photo-s/14/2f/d2/cb/varanda.jpg
134,Rinconcito Peruano,Rua Aurora, 451,https://media-cdn.tripadvisor.com/media/photo-s/0c/11/d6/24/ceviche.jpg
135,Kinoshita,Rua Jacques Felix 405,https://media-cdn.tripadvisor.com/media/photo-s/10/ab/2b/4d/menu-hana.jpg
136,A Bela Sintra,Rua Bela Cintra 2325,https://media-cdn.tripadvisor.com/media/photo-s/02/cf/99/ea/a-bela-sintra.jpg
137,Sushi Lika,Rua dos Estudantes 152,https://media-cdn.tripadvisor.com/media/photo-s/0e/16/29/29/uma-explosao-de-sabores.jpg
138,Pizzaria Veridiana Jardins,Rua Jose Maria Lisboa, 493,https://media-cdn.tripadvisor.com/media/photo-p/13/59/a5/06/photo6jpg.jpg
139,Z Deli Sandwich Shop,Rua Haddock Lobo 1386,https://media-cdn.tripadvisor.com/media/photo-s/0a/4e/76/48/foie-burger.jpg
140,Taberna 474,Rua Dona Maria Carolina 474,https://media-cdn.tripadvisor.com/media/photo-s/10/06/89/4a/taberna-474.jpg
141,KaraokÃª Box Porque Sim,Rua Thomaz Gonzaga 75,https://media-cdn.tripadvisor.com/media/photo-s/0b/8f/1b/2f/uma-delicia.jpg
142,Casa de Francisca,Rua Quintino Bocaiuva 22,https://media-cdn.tripadvisor.com/media/photo-s/0e/cf/f8/44/palco.jpg
143,Tordesilhas,Alameda Tiete 489,https://media-cdn.tripadvisor.com/media/photo-s/12/69/49/82/ripa-de-costelinha-com.jpg
144,Fogo de Chão Jardins,Rua Augusta, 2077,https://media-cdn.tripadvisor.com/media/photo-s/05/2d/5c/ce/fogo-de-chao-churrascaria.jpg
145,Gioconda & Heleniká Pizzaria Grega,R. Guararapés, 1882,https://media-cdn.tripadvisor.com/media/photo-s/15/d1/89/f6/gioconda-helenika-pizzaria.jpg
146,Che Bárbaro,Rua Harmonia 277,https://media-cdn.tripadvisor.com/media/photo-s/0f/ef/3f/a5/uma-maneira-diferente.jpg
147,Dr. Tchê La Parrilla de La Villa,Rua França Pinto, 489,https://media-cdn.tripadvisor.com/media/photo-o/02/58/d4/81/steak-and-wine.jpg
148,Karaokê Box Porque Sim,Rua Thomaz Gonzaga 75,https://media-cdn.tripadvisor.com/media/photo-s/0b/8f/1b/2f/uma-delicia.jpg
149,IT Sushi,Rua Pedroso Alvarenga 1026,https://media-cdn.tripadvisor.com/media/photo-s/0e/2e/f3/ef/it-sushi.jpg
150,Ruella,Rua Joao Cachoeira, 1507,https://media-cdn.tripadvisor.com/media/photo-s/0a/8d/3a/4a/ruella-vila-olimpia-entrada.jpg
151,Castro Burger,Rua Joaquim Távora, 1517,https://media-cdn.tripadvisor.com/media/photo-s/18/8f/2b/62/delivery-pelo-ifood.jpg
152,Figueira Rubayat,Rua Haddock Lobo 1738,https://media-cdn.tripadvisor.com/media/photo-s/12/75/8a/f4/mesas-sob-a-figueira.jpg
153,Paellas Pepe,Rua Bom Pastor,1660,https://media-cdn.tripadvisor.com/media/photo-p/0e/a3/9c/1a/img-20170311-wa0001-largejpg.jpg
154,Cruzeiro's Bar,Rua Cruzeiro 952,https://media-cdn.tripadvisor.com/media/photo-s/06/74/a0/a5/cruzeiro-s-bar.jpg
155,Bar e Lanches Estadão,Viaduto Nove de Julho 193,https://media-cdn.tripadvisor.com/media/photo-s/0f/69/b9/0e/famoso-lanche-de-pernil.jpg
156,Restaurante Fasano,Rua Vitorio Fasano 88,https://media-cdn.tripadvisor.com/media/photo-s/02/5d/78/d4/fasano.jpg
157,Pizza Na Mão,Alameda Itu, 1212,https://media-cdn.tripadvisor.com/media/photo-p/17/bb/bb/93/experimentem-essa-delicia.jpg
158,Almanara,Rua Oscar Freire 523,https://media-cdn.tripadvisor.com/media/photo-s/02/86/4f/39/almanara.jpg
159,Vila das Meninas,Rua Padre Carvalho 139,https://media-cdn.tripadvisor.com/media/photo-s/02/31/4f/c4/entrada-super-simpatica.jpg
160,Aizomê,Alameda Fernão Cardim, 39,https://media-cdn.tripadvisor.com/media/photo-s/12/76/d1/8d/selecao-de-sushi.jpg
161,Ráscal,Alameda Santos, 870,https://media-cdn.tripadvisor.com/media/photo-s/0c/8d/29/1a/torta-de-maca.jpg
162,Veloso Bar,Rua Conceição Veloso, 54,https://media-cdn.tripadvisor.com/media/photo-s/0e/8b/bb/4f/photo2jpg.jpg
163,Bar Do Mané,Rua da Cantareira, 306,https://media-cdn.tripadvisor.com/media/photo-s/03/55/23/a8/bar-do-mane.jpg
164,Skye Bar & Restaurante,Avenida Brigadeiro Luis Antonio, 4700,https://media-cdn.tripadvisor.com/media/photo-s/17/d5/c4/8a/roofttop-skye-bar.jpg
165,La Griglia,Rua Palestra Italia 500,https://media-cdn.tripadvisor.com/media/photo-p/15/64/d2/2c/photo0jpg.jpg
166,Lia Giorno,Avenida Giovanni Gronchi 5819,https://media-cdn.tripadvisor.com/media/photo-p/09/c4/f1/73/lia-giorno.jpg
167,Churrascaria Boi Preto,Rua Catumbi 1393,https://media-cdn.tripadvisor.com/media/photo-s/0d/25/ba/7f/vege-salad-mushroom-beef.jpg
168,Torta no Quintal,Comendador Miguel Calfat,https://media-cdn.tripadvisor.com/media/photo-s/03/ee/b6/0c/adicionar-uma-legenda.jpg
169,Yeran - Culinária Armênia,Rua Maria Curupaiti, nº 355,https://media-cdn.tripadvisor.com/media/photo-s/0b/57/2c/e8/photo1jpg.jpg
170,Lanchonete Dizzy Vila Maria,Praça Santo Eduardo , 206,https://media-cdn.tripadvisor.com/media/photo-s/11/8c/91/82/lanche.jpg
171,Insalata,Alameda Campinas 1478,https://media-cdn.tripadvisor.com/media/photo-s/0f/2e/45/e9/img-20170504-wa0028-largejpg.jpg
172,Nakka,Rua Pedroso Alvarenga 890,https://media-cdn.tripadvisor.com/media/photo-s/03/f6/44/6d/nakka.jpg
173,Casa Santo Antônio,AV. JOÃO CARLOS DA SILVA BORGES, 764,https://media-cdn.tripadvisor.com/media/photo-s/06/4d/2d/52/casa-sa.jpg
174,Due Cuochi Cucina - Shopping Cidade Jardim,Avenida Magalhaes Castro, 12.000,https://media-cdn.tripadvisor.com/media/photo-s/0e/99/90/52/salao.jpg
175,Cantina Generale,Rua Doutor Fausto Ferraz 163,https://media-cdn.tripadvisor.com/media/photo-s/0f/48/82/ea/photo2jpg.jpg
176,Effendi,Rua D Antônio Melo, 77,https://media-cdn.tripadvisor.com/media/photo-p/0e/73/7c/1b/esfihas.jpg
177,Restaurante El Tranvia,Rua Conselheiro Botero, 903,https://media-cdn.tripadvisor.com/media/photo-s/02/7d/a4/03/vacio.jpg
178,Fuego Celeste Parrillada,Rua Joaquim Tavora 1068,https://media-cdn.tripadvisor.com/media/photo-s/11/80/1e/4d/fachada.jpg
179,Piselli,Rua Padre Joao Manuel 1253,https://media-cdn.tripadvisor.com/media/photo-s/06/8b/5f/8f/piselli.jpg
180,Dinho's,Alameda Santos 45,https://media-cdn.tripadvisor.com/media/photo-p/12/f4/61/63/dry-aged.jpg
181,Comedoria - Sesc Belenzinho,Rua Padre Adelino 1000,https://media-cdn.tripadvisor.com/media/photo-s/05/57/64/6c/que-vista.jpg
182,Restaurante e Pizzaria Ciccarino,Largo da Matriz de Nossa Senhora do O 139,https://media-cdn.tripadvisor.com/media/photo-s/04/4c/37/93/restaurante-e-pizzaria.jpg
183,Ton Hoi,Av. Prof. Francisco Morato, 1484,https://media-cdn.tripadvisor.com/media/photo-s/0d/62/54/1e/photo1jpg.jpg
184,Bárbaro,Rua Doutor Sodré, 241,https://media-cdn.tripadvisor.com/media/photo-s/03/53/0a/6b/che-barbaro.jpg
185,Calle 54,Alameda Jaú, 1177,https://media-cdn.tripadvisor.com/media/photo-s/0c/84/9f/af/calle-54.jpg
186,Margherita Pizzeria,Alameda Tietê, 255,https://media-cdn.tripadvisor.com/media/photo-s/08/7d/2f/c5/margherita-pizzeria.jpg
187,Lagoa Tropical,Rua Borges Lagoa 406,https://media-cdn.tripadvisor.com/media/photo-s/11/ed/a0/1b/photo0jpg.jpg
188,Corrientes 348,Rua Comendador Miguel Calfat, 348,https://media-cdn.tripadvisor.com/media/photo-s/0f/13/d2/77/provoleta.jpg
189,Zucco Cucina,Avenida Roque Petroni Junior, 1.089,https://media-cdn.tripadvisor.com/media/photo-s/0e/de/e3/11/chateaubriand-gema-de.jpg
190,12 Burguer & Bistro,Rua Simão Álvares, 1018,https://media-cdn.tripadvisor.com/media/photo-s/05/ce/31/af/twelve-bistro.jpg
191,Maripili,Rua Alexandre Dumas Granja Julieta 1152,https://media-cdn.tripadvisor.com/media/photo-s/0e/b6/7e/df/salpicao-de-mariscos.jpg
192,Jun Sakamoto,Rua Lisboa 55,https://media-cdn.tripadvisor.com/media/photo-s/0e/df/cd/d4/photo0jpg.jpg
193,Teus Restaurante Bar,Rua Natingui 1548,https://media-cdn.tripadvisor.com/media/photo-p/10/c4/63/56/photo0jpg.jpg
194,Huto,Avenida Jandira 677,https://media-cdn.tripadvisor.com/media/photo-s/05/b6/35/03/ika-com-molho-de-sake.jpg
195,Restaurante Portal da Coréia,Rua da Glória, 729,https://media-cdn.tripadvisor.com/media/photo-s/04/a6/d0/f3/restaurante-portal-da.jpg
196,Speranza,R Treze De Maio, 1004,https://media-cdn.tripadvisor.com/media/photo-s/0f/a1/1b/60/margherita.jpg
197,Jardim di Napoli,Rua Martinico Prado 463,https://media-cdn.tripadvisor.com/media/photo-s/01/1a/f7/ea/caption.jpg
198,Più Restaurante,Rua Ferreira de Araújo, 314,https://media-cdn.tripadvisor.com/media/photo-s/08/73/f8/40/lasanha.jpg
199,Barbacoa Morumbi Shopping,Avenida Roque Petroni Junior 1089,https://media-cdn.tripadvisor.com/media/photo-s/02/f2/9e/38/picanha-especial-e-farofa.jpg
200,Jui,Rua Paul Valery, 104,https://media-cdn.tripadvisor.com/media/photo-s/08/b7/7a/d1/jui.jpg
201,Fitó,Rua Cardeal Arcoverde 2773,https://media-cdn.tripadvisor.com/media/photo-s/10/c7/4f/1d/pacoca.jpg
202,Era uma vez um Chalezinho,Rua Itapimirum, 11,https://media-cdn.tripadvisor.com/media/photo-s/0d/69/16/57/vila-europeia.jpg
203,Ripa Na Brasa Restaurante,Rua Tijuco Preto 529,https://media-cdn.tripadvisor.com/media/photo-s/06/e6/d1/de/ripa-na-brasa.jpg
204,Le Jazz Brasserie,Rua Melo Alves Jardim Paulista 734,https://media-cdn.tripadvisor.com/media/photo-s/0f/34/5f/dd/photo6jpg.jpg
205,Hocca Bar,Rua da Cantareira 306,https://media-cdn.tripadvisor.com/media/photo-s/02/72/60/1e/hocca-bar-mercado-municipal.jpg
206,Tandoor,Rua Doutor Rafael de Barros 408,https://media-cdn.tripadvisor.com/media/photo-s/0a/b9/3e/05/tandoor.jpg
207,Tre Bicchieri,Rua General Mena Barreto, 765,https://media-cdn.tripadvisor.com/media/photo-s/0e/84/c3/53/lasagna.jpg
208,Tulsi Indian Cuisine,Rua Quintana 1012,https://media-cdn.tripadvisor.com/media/photo-s/0e/2b/9b/08/salao-principal.jpg
209,Abruzzi Restaurante e Rotisserie,Rua Traipu 145,https://media-cdn.tripadvisor.com/media/photo-s/09/22/ca/bb/abruzzi-restaurante-e.jpg
210,La Ventana Parrilla Porteña,Rua Tuim 61,https://media-cdn.tripadvisor.com/media/photo-s/0d/eb/50/5f/la-ventana-parrilla-portena.jpg
