1,Latina
2,Espanhola
3,Americana
4,Fast food
5,Internacional
6,Frutos do mar
7,Sul-americana
8,Opções vegetarianas
9,Opções sem glúten
10,Havaiana
11,Japonesa
12,Sushi
13,Mediterrânea
14,Europeia
15,Opções veganas
16,Churrasco
17,Steakhouse
18,Fusion
19,Mexicana
20,Saudável
21,Italiana
22,Francesa
23,Asiática
24,Vietnamita
25,Argentina
26,Pizza
27,Café
28,Chinesa
29,Indiana
30,Coreana
31,Peruana
32,Oriente Médio
33,Libanesa
34,AsiÃ¡tica
35,MediterrÃ¢nea
36,Oriente MÃ©dio
37,OpÃ§Ãµes vegetarianas
38,SaudÃ¡vel
39,Grega
40,OpÃ§Ãµes sem glÃºten
41,OpÃ§Ãµes veganas
